id,phrase,correct_concept,meaning,example,difficulty,tags,sinonims
1,"Fer-ne cinc cèntims","Resumir","Explicar un argument o un fet de manera breu i condensada.","Em pots fer cinc cèntims de la reunió d'ahir?",1,"comunicació,resum","fer dos quartos, fer avinent"
2,"Tocar el dos","Marxar","Anar-se'n d'un lloc, sovint amb pressa o de manera sobtada.","Quan va començar a ploure, vam tocar el dos de la platja.",1,"moviment","agafar el portant, aixecar el vol, tocar pirandó, escampar la boira"
3,"Estar a la lluna","Estar distret","No estar atent al que passa al voltant o estar absort en els propis pensaments.","L'estudiant estava a la lluna i no va sentir l'explicació del mestre.",1,"atenció","estar als llimbs, estar al cel de les oques, venir de l'hort, baixar de la figuera"
4,"No tocar ni quarts ni hores","Estar desorientat","Parlar o actuar sense sentit, de manera irreflexiva o confusa.","Després de l'ensurt encara no tocava ni quarts ni hores.",3,"confusió","no tocar dalt ni baix, viure en un altre món, estar com un llum de ganxo"
5,"Anar per feina","Actuar amb eficàcia","Posar-se a treballar o resoldre un assumpte sense perdre el temps.","Si volem enllestir el projecte avui, hem d'anar per feina.",1,"treball,ritme","anar a la idea, donar-se aire, fer via, tirar pel dret"
6,"Tenir la mà trencada","Tenir experiència","Ser molt expert en una tasca per haver-la practicat molt.","La tieta té la mà trencada fent pastissos de poma.",1,"treball","tenir-ho pel cap dels dits, tenir el cul pelat, tenir-ho per la mà"
7,"Posar fil a l'agulla","Començar","Iniciar una tasca o posar-se finalment a resoldre una qüestió.","Dilluns posarem fil a l'agulla amb la reforma de la cuina.",1,"acció,treball","posar mans a l'obra, enfilar l'agulla, posar-se a la feina"
8,"Buscar tres peus al gat","Complicar-se","Cercar dificultats o explicacions complexes on no n'hi ha.","No busquis tres peus al gat, que la solució és ben senzilla.",2,"conflicte","cercar cinc peus al gat, trobar pèls, trobar pegues, buscar ronya al cove"
9,"Fer campana","Faltar a classe","No assistir a una obligació, especialment escolar, sense justificació.","Van fer campana per anar a veure l'estrena de la pel·lícula.",1,"societat","fer fugina, fer fotja, fer llobada, fer safrà"
10,"Quedar-se de pedra","Sorprendre's molt","Reaccionar amb una sorpresa tan gran que hom es queda immòbil.","Quan va saber que havia guanyat la loteria, es va quedar de pedra.",2,"sorpresa,emocions","quedar glaçat, quedar parat, restar clavat en terra"
11,"Ser un cul inquiet","No parar quiet","Persona que té la necessitat de moure's o canviar d'activitat constantment.","Aquest nen és un cul inquiet, no aguanta ni cinc minuts assegut.",1,"actitud","ésser un nervi, ésser un argent viu, no tenir cul per a seure"
12,"Fer el cor fort","Sobreposar-se","Treure coratge o valor per afrontar una situació adversa o dolorosa.","Va fer el cor fort per acomiadar-se del seu amic sense plorar.",2,"emocions,coratge","tirar coll avall, treure forces de flaquesa, fer de la garra pota"
13,"Anar de bòlit","Anar atrafegat","Anar molt de pressa o estar aclaparat per l'excedència de feina.","Aquesta setmana anem de bòlit amb els exàmens de final de curs.",1,"temps,treball","anar de cul, anar escopetejat, anar a tope"
14,"No dir ni piu","Callar","Mantenir-se en silenci absolut o no replicar res.","Durant tot el debat va estar assegut i no va dir ni piu.",1,"comunicació","no badar boca, no dir mot, no dir ni mu, tancar el bec"
15,"Tenir el cap ple de pardals","Ser poc realista","Imaginar coses impossibles o estar ple d'il·lusions sense fonament.","Si penses que et faràs ric sense treballar, tens el cap ple de pardals.",2,"actitud","somiar truites, tenir el cap ple de fum, tenir el cap ple de grills"
16,"Veure-les venir","Preveure","Adonar-se amb antelació que una situació pot acabar malament.","Jo ja les veia venir quan van començar a gastar tants diners.",3,"coneixement,opinió","mirar de quin costat bufa el vent, tenir nas, tenir bons ensums"
17,"Passar amb l'ai al cor","Patir","Estar en un estat de gran angoixa o preocupació mentre s'espera un resultat.","Vam passar tota la nit amb l'ai al cor esperant la trucada del metge.",2,"emocions,angoixa","passar les de Caïm, passar-la negra, tenir l'ànima en un fil"
18,"És a dir","Aclariment","Expressió que serveix per introduir una explicació d'un concepte anterior.","La reunió és a porta tancada; és a dir, no hi pot entrar ningú més.",1,"comunicació","o sigui, com si diguéssim, vull dir"
19,"Cantar les veritats","Sinceritat","Dir obertament el que es pensa a algú, encara que sigui desagradable.","Algú li hauria de cantar les veritats perquè reaccioni d'una vegada.",2,"comunicació,opinió","cantar clar, cantar-les clares, dir tot ras, parlar en plata"
20,"Estar al corrent","Estar informat","Tenir la informació actualitzada sobre una qüestió o situació.","Abans de decidir, posa'm al corrent de les darreres novetats.",1,"coneixement","estar al cas, estar al dia, estar assabentat"
21,"Estar als llimbs","Estar distret","Ignorar totalment el que passa al voltant per manca d'atenció.","No saps quins deures tenim? Sempre estàs als llimbs!",2,"confusió","estar a la lluna, venir de l’hort, baixar de la figuera"
22,"Amb el cor a la mà","Sinceritat","Expressar-se amb total honestedat i franquesa absoluta.","T'ho dic amb el cor a la mà: em sap greu el que ha passat.",2,"emocions,actitud","amb la mà al pit, tenir el cor a la boca"
23,"Partir peres","Trencar relació","Enemistar-se o deixar de col·laborar amb algú per un desacord.","Després de la discussió pel negoci, van decidir partir peres.",2,"conflicte,acord","tirar cadascú pel seu cantó, trencar el plat bonic, posar-se de punta"
24,"Fer mans i mànigues","Esforçar-se molt","Posar tots els mitjans possibles per aconseguir un objectiu difícil.","Vam fer mans i mànigues per arribar al refugi abans de la tempesta.",1,"esforç,dificultat","fer pits i llonzes, remoure cel i terra, treure tot l'estam"
25,"Suar la cansalada","Esforçar-se molt","Treballar molt durament o fer un gran esforç físic o mental.","Hem suat la cansalada per pujar aquest armari fins al quart pis.",2,"esforç,treball","suar sang i aigua, suar tinta, veure-se'les morades"
26,"Anar sobre rodes","Èxit total","Produir-se o funcionar una cosa de manera molt favorable.","No pateixis, que el projecte nou va sobre rodes.",1,"èxit,èxit","anar com una seda, anar a raig de càntir, anar vent en popa"
27,"Anar-se'n a pastar fang","Fracàs absolut","Fracassar totalment o fer-se malbé una cosa de manera irremeiable.","Tota la inversió se n'ha anat a pastar fang per la crisi.",2,"fracàs","anar-se'n al pot, anar-se'n a fer punyetes, anar per terra"
28,"Guanyar-se la vida","Treballar","Treballar per obtenir el sosteniment econòmic necessari.","Amb l'ofici de fuster aconsegueix guanyar-se la vida dignament.",1,"treball,diners","guanyar-se el pa, guanyar-se les garrofes, doblegar l'esquena"
29,"Ser un zero a l'esquerra","Ser inútil","No tenir cap valor ni influència en un assumpte o grup.","En aquest equip em sento com un zero a l'esquerra.",2,"societat","ésser un patata, no saber què es pesca, ésser un trasto"
30,"Tard o d'hora","Certesa futura","Indica que un fet s'acabarà produint inevitablement.","Tard o d'hora hauràs de reconèixer que t'has equivocat.",1,"temps","a la llarga, a llarg terme, a llarg termini"
31,"Fil per randa","Detalladament","Explicar o fer una cosa amb tota mena de detalls i precisió.","M'ho va explicar fil per randa per no deixar-se res important.",2,"comunicació","fil per agulla, amb pèls i senyals, amb tots els ets i uts"
32,"Donar el braç a tòrcer","Cedir","Deixar-se convèncer o abandonar una postura tossuda.","El director és molt ferm i no dóna mai el braç a tòrcer.",2,"acord,actitud","afluixar la corda, baixar del burro"
33,"Peix al cove","Èxit assolit","Donar per acabada i reeixida una tasca o negociació.","Peix al cove! El client ja ha signat el contracte.",2,"èxit","ésser bufar i fer ampolles, ésser flors i violes"
34,"Baixar de la figuera","Adonar-se","Deixar d'estar distret i comprendre finalment la realitat.","Ja era hora que baixessis de la figuera i veiessis el que passa!",2,"coneixement","baixar de l'hort, ara es leva"
35,"Saber-la llarga","Ser astut","Tenir molta habilitat, experiència o picardia per sortir-se'n.","No te'n refiïs de la seva innocència, que la sap molt llarga.",2,"coneixement,actitud","pensar-se-les totes, calçar molts punts"
36,"Tirar la casa per la finestra","Malgastar","Gastar diners en excés, generalment per celebrar alguna cosa.","Per al bateig de la neta van tirar la casa per la finestra.",2,"diners","abocar tot el cabàs, ficar l'olla gran dins de la xica"
37,"Fer el sord","Dissimular","Fingir que hom no sent el que li diuen per no haver de respondre.","Li vaig retreure el seu comportament, però ell va fer el sord.",1,"actitud,comunicació","fer orelles de marxant, fer l'angelot, sentir ploure"
38,"Cantar clar","Parlar clar","Dir les coses sense embuts, amb total franquesa.","Estic tip de mentides: és el moment de cantar clar.",1,"comunicació","cantar les veritats, dir tot ras, parlar en plata"
39,"Dir tot ras","Claredat","Expressar una idea sense circumloquis ni dissimulacions.","No t'emboliquis més i digues el que sents tot ras.",2,"comunicació","sense embuts, cantar clar, parlar clar"
40,"Parlar en plata","Sinceritat","Parlar amb claredat i duresa, anant directament al gra.","Parlant en plata: si no treballeu més, no acabarem a temps.",1,"comunicació","cantar clar, no tenir pèls a la llengua, sense embuts"
41,"No badar boca","Callar","Restar en silenci, especialment per no voler intervenir.","En tota la conferència no va badar boca ni un moment.",1,"comunicació","no dir mot, no dir ni piu, tancar el bec"
42,"Posar el dit a la llaga","Encertar","Trobar el punt més conflictiu o la causa real d'un malestar.","Amb aquesta pregunta has posat el dit a la llaga del problema.",2,"opinió,conflicte","encertar el pinyol, posar el dit al forat"
43,"Parlar per les butxaques","Xerrar","Parlar de manera excessiva i sense interrupció.","No el deixis començar, que parla per les butxaques.",1,"comunicació","xerrar pels descosits, haver menjat llengua"
44,"Vent de boca","Paraules buides","Discurs o promeses que no tenen fonament ni es compliran.","Tot el que diu només és vent de boca per quedar bé.",2,"opinió","brou de llengua, veus volanderes"
45,"Posar sobre el tapet","Plantejar","Suscitar una qüestió perquè sigui discutida públicament.","El govern ha posat sobre el tapet la reforma educativa.",2,"opinió","posar sobre la taula"
46,"Dir el nom del porc","Insultar","Adreçar insults o paraules molt dures a algú.","Es van barallar al mig del carrer i es van dir el nom del porc.",2,"conflicte","dir-li de tot, dir-ne de totes, dir-li quatre fàstics"
47,"Cantar-li la canya","Reprendre","Renyar algú amb severitat pel seu comportament.","El mestre li va cantar la canya per no haver fet els deures.",2,"comunicació","dir quatre berlandines, dir-li dos i dos quants fan"
48,"Fer safareig","Xafardejar","Explicar o comentar assumptes de la vida privada d'altri.","A les veïnes els agrada fer safareig quan es troben a la plaça.",1,"societat,comunicació","fer mullader, portar ous a vendre"
49,"Aixecar la llebre","Descobrir","Fer notar o descobrir un afer que estava ocult.","Amb la teva indiscreció has aixecat la llebre del secret.",3,"coneixement","alçar la caça, moure la llebre"
50,"Estar que trina","Estar enfadat","Trobar-se en un estat de gran irritació o enuig.","No t'hi acostis, que avui està que trina per la feina.",2,"emocions","estar que mossega, estar que bufa, bullir d'indignació"
51,"Bategar-li el cor","Emocionar-se","Sentir bategar el cor amb força per una emoció forta.","Li bategava el cor d'alegria quan va veure els fills.",1,"emocions","no cabre-li el cor al pit"
52,"No cabre a la seva pell","Satisfacció","Estar molt content o orgullós d'alguna cosa.","Quan va saber que seria avi, no cabia a la seva pell.",1,"emocions","no saber on posar els peus"
53,"Ablanir com la cera","Commoure","Fer que algú perdi la seva duresa o es commogui fàcilment.","Les llàgrimes del nen el van ablanir com la cera.",2,"emocions","tocar el cor, arribar-li a l’ànima"
54,"Estar negre","Enutjat","Estar extremadament irritat o cansat d'una situació.","Estic negre d'esperar que el tren arribi puntual.",1,"emocions","estar que bufa, fet una fúria"
55,"Estar fet pols","Esgotat","Trobar-se molt cansat físicament o moralment abatut.","Després de la marató, l'atleta estava fet pols.",1,"treball,actitud","estar fet caldo, estar fet puré, estar fet papilla"
56,"Fer el bot","Enutjar-se","Posar-se seriós o desplaent esperant que el preguin.","Es va enfadar i va fer el bot perquè no el van convidar.",3,"actitud","tancar-se a la banda, ficar el cap a l'olla"
57,"Tenir un feble","Predilecció","Tenir una debilitat o una estimació especial per algú.","Sempre li dóna tot el que demana: té un feble per ella.",1,"emocions","tenir un deliri"
58,"Fumar la pipa de la pau","Reconciliar-se","Acabar una enemistat o fer les paus definitivament.","Després d'anys de baralles, finalment han fumat la pipa de la pau.",1,"acord","fer les paus, abaixar les armes"
59,"Moure guerra","Provocar","Cercar o incitar conflictes i discòrdies entre la gent.","No li facis cas, que només ve per moure guerra.",2,"conflicte","posar foc, posar la zitzània"
60,"Nyic-i-nyac","Renyina","Situació de desavinença constant per motius fútils.","Aquella parella sempre està amb el nyic-i-nyac.",2,"conflicte","com gat i gos"
61,"Ficar-s'hi la bruixa","Discòrdia","Aparèixer la discòrdia entre persones que s'entenien bé.","En aquell grup de socis s'hi ha ficat la bruixa.",3,"conflicte","ballar-hi el diable"
62,"Abaixar les armes","Cessar","Deixar de resistir-se o abandonar una actitud hostil.","Davant les seves raons, va haver d'abaixar les armes.",2,"acord","deposar les armes, fer les paus"
63,"Cercar bronquina","Provocar","Intentar de totes totes produir una baralla o discussió.","Sempre que beu una mica massa surt a cercar bronquina.",2,"conflicte","moure brega, cercar bregues, buscar soroll"
64,"Fer pits i llonzes","Esforçar-se molt","Posar tota la voluntat i energia per aconseguir un propòsit.","Cal fer pits i llonzes per guanyar aquest partit.",2,"esforç","fer mans i mànigues, remoure cel i terra"
65,"Treballar de valent","Treballar molt","Aplicar-se plenament i amb intensitat a una tasca.","Si voleu prosperar, haureu de treballar de valent.",1,"treball","treballar a escarada, rompre's l'esquena, suar la cansalada"
66,"Picar ferro fred","Inutilitat","Esforçar-se en un objectiu que no tindrà cap resultat.","Intentar convèncer el meu pare és picar ferro fred.",2,"dificultat","predicar en el desert, assotar l'aire"
67,"Matar-s'hi","Esforçar-se molt","Dedicar-se amb un esforç extrem a fer una cosa.","S'hi va matar estudiant i finalment va treure un excel·lent.",1,"esforç","posar-hi el coll, fer el seu poder"
68,"Anar vent en popa","Èxit","Tenir un progrés ràpid i molt favorable.","El seu projecte de recerca va vent en popa.",1,"èxit","anar sobre rodes, anar en vençó"
69,"Fer fallida","Ruïna","Cessar els pagaments o fracassar definitivament un negoci.","Aquella botiga de roba va fer fallida fa dos mesos.",1,"diners,fracàs","fer bancarrota, anar-se'n a l'aigua"
70,"Anar-se'n a l'aigua","Fracassar","Enfonsar-se o malmetre's un projecte o empresa.","La proposta de l'ajuntament se n'ha anat a l'aigua.",2,"fracàs","anar-se'n a terra, fer aigües"
71,"Eixir amb rosa","Triomfar","Sortir d'una situació compromesa amb èxit i honor.","Malgrat les traves, va eixir amb rosa de la conferència.",3,"èxit","sortir airós, sortir amb bon nom"
72,"Passar volant","Rapidesa","Transcórrer el temps molt ràpidament.","Aquestes vacances de Nadal han passat volant.",1,"temps","anar que vola"
73,"Córrer pressa","Urgència","Ser una cosa molt urgent o d'execució immediata.","No et distreguis, que aquest enviament corre pressa.",1,"temps,urgència"
74,"En un dir Jesús","Immediatesa","Fer una cosa d'una manera extremadament ràpida.","M'ho va arreglar en un dir Jesús, sense fer-me esperar.",2,"temps,urgència","en un ai, en un batre d'ulls, en un tres i no res"
75,"Saber on s'ajoca el diable","Ser astut","Ser molt expert o viu a l'hora de resoldre problemes.","No el podràs enganyar, que ell sap on s'ajoca el diable.",3,"coneixement","pensar-se-les totes, saber on es colga el dimoni"
76,"Estar in albis","Ignorar","No saber res d'una qüestió o no haver-ne entès res.","Sobre el tema de la borsa, estic totalment in albis.",2,"coneixement","estar dejú, no saber què es pesca"
77,"No saber què es pesca","Estar confós","No acabar d'entendre de què es tracta en un assumpte.","Sembla que no sàpigues què et pesques en aquesta reunió.",2,"confusió","anar peix, estar als llimbs"
78,"Fer-se d'or","Enriquir-se","Guanyar molts diners amb una activitat o negoci.","Amb el turisme, molta gent s'ha fet d'or.",1,"diners","cobrir-se d'or, fer diners"
79,"Afluixar la bossa","Pagar","Donar o despendre diners, sovint amb recança.","Si vols fer el viatge, hauràs d'afluixar la bossa.",2,"diners","afluixar els cordons, gratar-se la butxaca"
80,"Anar prim de calés","Tenir pocs diners","Estar en una situació econòmica precària o d'escassetat.","A final de mes tothom va una mica prim de calés.",2,"diners","anar curt de diners, estar a la quarta pregunta"
81,"Ficar-se en brocs","Intervenir","Intervenir en assumptes que no ens atenyen ni ens importen.","Faries millor de no ficar-te en brocs aliens.",3,"responsabilitat","ficar el nas, ficar cullerada"
82,"Ser el braç dret","Ser indispensable","Ser l'ajudant de màxima confiança i ajut d'algú.","La secretària és el braç dret de l'empresari.",1,"treball","ésser la mà dreta"
83,"Arribar a port","Reeixir","Concloure un projecte o empresa amb èxit final.","Per fi la negociació ha arribat a port.",1,"èxit","arribar a bona fi, reeixir"
84,"Costar un sentit","Ser molt car","Tenir un preu excessivament elevat.","Aquest cotxe nou m'ha costat un sentit.",3,"diners","costar un ull de la cara, costar un ronyó"
85,"Fer petar una becaina","Dormir una estona","Dormir breument, sovint assegut o després de dinar.","Després de menjar li agrada fer petar una becaina.",1,"societat","fer una becaina, fer un sobec, donar un sobec"
86,"Estar fet caldo","Estar abatut","Trobar-se molt cansat o afectat per un disgust gran.","Estic fet caldo per culpa d'aquest refredat.",1,"actitud","estar fet pols, estar d’humor negre"
87,"Dat i beneït","Resolt","Afer que s'ha tancat definitivament i no admet canvis.","No hi insisteixis més, que ja tot és dat i beneït.",2,"acord","arribar a misses dites, arribar als anissos, fer tard"
88,"Tenir al pot","Tenir dominat","Haver aconseguit guanyar-se la voluntat d'algú.","Amb les seves amabilitats ja té la sogra al pot.",2,"èxit","avoir al cove, tenir al sac, tenir a la butxaca"
89,"A l’uníson","Acord total","Actuar o opinar de manera conjunta i conforme.","Tots van respondre a l'uníson que estaven d'acord.",1,"acord","a l’una, per unanimitat, a una veu, per aclamació"
90,"Estar entre dos focs","Estar compromès","Trobar-se en una situació difícil entre dues parts oposades.","No vull triar entre vosaltres dos: estic entre dos focs.",2,"conflicte","entre l’espasa i la paret, entre les banyes d’un toro"
91,"Com cal","Degudament","Fer una cosa correctament, segons la norma o l'educació.","Comporta't com cal quan siguis a casa seva.",1,"actitud","com Déu mana, a consciència"
92,"Bon vent i barca nova","Comiat","Expressió per acomiadar algú que no ens sap greu de perdre.","Si no t'agrada la feina, bon vent i barca nova!",2,"comunicació","bon vent, bon viatge"
93,"Venir de totes quatre potes","Ser oportú","Resultar una observació o fet molt adequat al cas.","Aquest exemple que has posat ve de totes quatre potes.",3,"comunicació","venir al cas, com l’anell al dit"
94,"Tenir un bon racó","Tenir estalvis","Disposar d'una bona quantitat de diners guardats.","No pateixen pel futur perquè tenen un bon racó.",2,"diners","tenir un roc a la faixa, tenir una bona moma"
95,"Cara de pocs amics","Semblar enfadat","Tenir un aspecte seriós, adust o poc amable.","No m'atreveixo a entrar, el cap fa cara de pocs amics.",1,"emocions","cara de jutge, cara de tres déus, cara de vinagre"
96,"Jugar-se-la","Arriscar-se","Exposar-se voluntàriament a un risc o perill greu.","Si condueixes tan de pressa, te la jugues.",1,"fracàs","ja cal que es calci, ja s’ho trobarà"
97,"Aixecar la llebre","Descobrir un afer","Fer sortir a la llum una qüestió amagada o delicada.","Sense voler, vas aixecar la llebre del seu passat.",3,"coneixement","alçar la caça"
98,"Passar la mà per l’esquena","Afalagar","Procurar guanyar-se algú amb lloances o amabilitats.","No em passis la mà per l’esquena, que no em convenceràs.",2,"comunicació","fer el tato, fer l'aleta, fer la gara-gara"
99,"Fer-se un fart","Fer en excés","Realitzar una activitat fins a arribar a l'atansament.","Ens hem fet un fart de caminar per la muntanya.",1,"esforç","fer-se un tip, fer-se un panxó"
100,"Tot fa feix","Acumular","Indica que moltes coses petites acaben pesant o complicant-se.","L'estudi, l'esport i el treball... tot fa feix.",2,"dificultat","fer feix, tot fa farcell"
101,"Negoci rodó","Bon negoci","Assumpte en què hom hi surt guanyant clarament.","Comprar aquest pis ha estat un negoci rodó.",1,"diners","bona xeixa, cosa bona"
102,"Encara gràcies","Tenir sort","Expressió per indicar que les coses podrien haver anat pitjor.","Encara gràcies que només s'ha trencat el vidre.",1,"èxit","encara bo que, encara sort que"
103,"Eixir-li el sol a mitjanit","Tenir molta sort","Tenir una fortuna sobtada i molt favorable.","Quan va trobar la feina li va eixir el sol a mitjanit.",3,"èxit","tenir bona estrella, tenir el sant de cara, tenir llet"
104,"Néixer amb la flor al cul","Afortunat","Ser una persona extremadament sortosa en tot.","Tot li surt bé: sembla que hagi nascut amb la flor al cul.",2,"èxit","pondre-li totes, néixer en bona estrella"
105,"Estar a les dures i a les madures","Afrontar-ho tot","Estar disposat a acceptar tant el que és bo com el que és dolent.","Sóc un bon amic i estaré amb tu a les dures i a les madures.",2,"actitud","estar a les bones i a les males"
106,"Fer badalls i creuetes","Tenir gana","No tenir res per a menjar o estar en dejú.","No hem esmorzat i ara fem badalls i creuetes.",3,"diners,treball","penjar les barres al sostre, ballar els goigs de sant Prim"
107,"Tenir una gana que l’aixeca","Molt de gana","Tenir una necessitat de menjar desmesurada.","Porto tot el dia caminant i tinc una gana que m'aixeca.",2,"emocions","tenir una gana que alça, tenir una fam que no s’hi veu"
108,"Ser el cel","Ser plaent","Alguna cosa que resulta extraordinàriament agradable.","Estar aquí tranquils al jardí és el cel.",1,"emocions","ésser una benedicció"
109,"Fer festa d’alguna cosa","Agradar molt","Rebre o valorar una cosa amb molta satisfacció.","Porta'ls el pastís, que en faran festa.",2,"emocions","fer festa major, fer festa grossa"
110,"En vida teva","Agraïment","Resposta afectuosa a una felicitació o bon desig.","—Per molts anys! —Gràcies, en vida teva.",3,"comunicació","en vida de tots"
111,"No es mereixen","Cortesia","Expressió per indicar que no cal donar les gràcies.","—Gràcies pel favor. —No es mereixen.",1,"comunicació","no s’ho val, de res"
112,"Parlar granat","Parlar durament","Expressar-se amb energia, contundència o agressivitat.","Quan es posa a parlar granat, val més no replicar.",3,"comunicació","tenir les dents esmolades"
113,"Fet una fúria","Molt enfadat","Estar en un estat d'ira o irritació extrem.","Va sortir del despatx fet una fúria.",1,"emocions","fet una fera, fet un toro, empipat com una mona"
114,"Demà serà un altre dia","Esperança","Esperar que les circumstàncies millorin en el futur.","No t'amoïnis més, avui pleguem i demà serà un altre dia.",1,"temps","ja en parlarem"
115,"Ballar amb un peu","Alegrar-se","Manifestar una gran joia per una bona notícia.","Quan va saber que havia aprovat, ballava amb un peu.",2,"emocions","saltar d’alegria, content com unes pasqües"
116,"Fer festa major","Alegrar-se","Estar extremadament satisfet per un esdeveniment.","Si véns a veure'ns, farem festa major.",1,"emocions","fer festa grossa, estar de festa"
117,"Trempat com un orgue","Estar alegre","Trobar-se de molt bon humor, animat i xalest.","Avui se'l veu trempat com un orgue.",2,"actitud","alegre com un picarol, més trempat que un pèsol"
118,"Un dia part altre","Dies alterns","Realitzar una activitat cada dos dies.","Ens veiem un dia part altre al gimnàs.",3,"temps","un dia sí un dia no, dia per altre"
119,"Amarg com el fel","Molt amarg","Tenir un sentiment o gust extremadament amarg.","Aquella notícia em va resultar amarga com el fel.",1,"emocions","més amarg que la hiel"
120,"Ja cal que es calci","Advertiment","Avisar algú que haurà d'afrontar un perill o dificultat.","Si no enllesteix la feina, ja cal que es calci.",2,"comunicació","ja s’ho trobarà, pobre d’ell, jugar-se-la"
121,"Sabràs dos i dos quants fan","Amenaça","Indicar que algú patirà les conseqüències dels seus actes.","Si em tornes a enganyar, sabràs dos i dos quants fan!",3,"comunicació","dir quants fan quinze"
122,"Alçar la mà a algú","Amenaçar","Fer el gest d'agredir algú o amenaçar-lo físicament.","Mai no s'ha d'alçar la mà a ningú.",1,"conflicte","aixecar la mà"
123,"Ensenyar les dents","Amenaçar","Plantar cara a algú mostrant agressivitat o resistència.","Davant la injustícia, va ensenyar les dents.",2,"conflicte","treure les ungles, veure’s les cares"
124,"Menjar en el mateix plat","Ser amics","Tenir una relació d'amistat íntima o gran avinença.","En Marc i en Pau mengen en el mateix plat.",1,"societat","matar-se ses puces plegats"
125,"A les bones","Amistosament","Intentar resoldre un afer per mitjans de persuasió.","Mirarem d'arreglar-ho a les bones.",1,"acord","de bé a bé"
126,"Deixar amb la paraula a la boca","Marxar","Anar-se'n sobtadament mentre l'altre encara parla.","No tinguis tan poca educació de deixar-me amb la paraula a la boca.",1,"comunicació","deixar plantat"
127,"Passar les de Caïm","Patir molt","Haver sofert grans penes, dificultats o angúnies.","Va passar les de Caïm per treure's la carrera.",3,"dificultat","mal trago, passar-la negra"
128,"Avall que fa baixada","Animar","Expressió per encoratjar algú a prosseguir una acció.","Ja hem començat, doncs avall que fa baixada!",2,"actitud","som-hi"
129,"Endavant les atxes","Persistir","Voluntat de continuar malgrat les dificultats.","És difícil, però endavant les atxes!",3,"esforç","pit i fora"
130,"Sant tornem-hi","Continuar","Expressió usada en reprendre una feina habitual.","Vinga, s'han acabat les vacances: sant tornem-hi!",1,"esforç","tornem-hi"
131,"Estar de gaita","Estar alegre","Trobar-se animat i de molt bon humor.","Avui la Maria està de gaita.",3,"emocions","tenir bona lluna, estar de bona jeia"
132,"Tenir un bon dia","Estar animat","Estar en un estat d'ànim especialment favorable.","Avui m'ha sortit tot bé: tenia un bon dia.",1,"emocions","tenir bona lluna"
133,"Donar-se mal cor","Preocupar-se","Afligir-se o inquietar-se per una preocupació futura.","No et donis mal cor abans de saber què ha passat.",2,"emocions","fer-se mala sang"
134,"De l’any de la picor","Antic","Referir-se a una cosa que va succeir fa molt de temps.","Aquesta lliçó és de l’any de la picor.",1,"temps","de l’avior, del temps d’Adam"
135,"Tenir la festa en pau","Apaivagar","Procurar que s'acabi una baralla o no hi hagi conflicte.","Prou de discussions, tinguem la festa en pau.",1,"acord","acabar la festa en pau"
136,"No sentir pena ni glòria","Ser apàtic","No reaccionar o ser insensible davant els esdeveniments.","Davant la seva mort no va sentir pena ni glòria.",2,"actitud","no fer-li fred ni calor"
137,"A marxes forçades","Apressadament","Treballar o caminar sense perdre gens de temps.","Hem de fer el camí a marxes forçades per no fer tard.",2,"urgència","a tota marxa, contra rellotge"
138,"Anar amb el foc a la cua","Tenir pressa","Estar molt apressat per l'acumulació de tasques.","Sempre va amb el foc a la cua i no té temps per a res.",2,"urgència","tenir cagarines, anar a cercar foc"
139,"Anar per feina","Apressar-se","Fer el que és essencial sense entretenir-se en foteses.","No xerrem més i anem per feina.",1,"esforç","anar a la idea, fer via"
140,"Cuitar el pas","Apressar-se","Caminar més ràpidament per arribar a l'hora.","Si no cuitem el pas, perdrem l'autobús.",2,"urgència","posar la directa, forçar el pas"
141,"No fer-se dir dues vegades","Apressar-se","Actuar immediatament al primer avís o proposta.","Quan el van cridar a sopar, no s'ho va fer dir dues vegades.",2,"actitud","donar-se aire, anar per feina"
142,"Tenir cagarines","Apressat","Expressió per descriure algú que té moltes presses.","No tinguis cagarines, que encara hi som a temps.",3,"urgència","anar amb el foc a la cua"
143,"Clavar mossegada","Aprofitar-se","Obtenir un benefici d'un afer, sovint de manera ràpida.","Tothom vol clavar mossegada en aquest negoci.",3,"diners","buscar petroli"
144,"No perdre pistonada","Aprofitar-se","No deixar escapar cap ocasió per aconseguir un fi.","En el seu ofici, cal no perdre pistonada.",2,"èxit","ésser una aranya"
145,"Penjar-se a l’esquena d’algú","Aprofitat","Viure de l'esforç o els diners d'un altre.","És un gandul que viu penjat a l’esquena dels seus pares.",2,"societat","viure a les costelles d’altri"
146,"Anar armat fins a les dents","Anar preparat","Anar proveït de moltes armes o molt equipat.","Els policies anaven armats fins a les dents.",1,"conflicte","estar en armes"
147,"En peu de guerra","Preparat","Estar disposat per al combat o una discussió forta.","Tota la plantilla està en peu de guerra contra les retallades.",2,"conflicte","en armes"
148,"Jugar-se el tot pel tot","Arriscar-se","Posar tots els recursos en una sola aposta o acció.","Va decidir jugar-se el tot pel tot i muntar l'empresa.",2,"èxit","fer un vaitot, posar tota la carn a la graella"
149,"Tirar-se a la piscina","Arriscar-se","Emprendre una acció que comporta un risc cert.","S'ha tirat a la piscina sense saber si el contractarien.",1,"èxit","fotre’s de cap a la piscina"
150,"Posar el cascavell al gat","Arriscar-se","Emprendre una acció perillosa que ningú més gosa fer.","Ningú no volia parlar amb el cap, i ell va posar el cascavell al gat.",2,"esforç","treure la cara"
151,"Jugar amb foc","Arriscar-se","Actuar de manera temerària, amb perill de prendre mal.","Si continues així, jugues amb foc.",1,"fracàs","temptar el diable"
152,"Deixar al mig del carrer","Arruïnar","Llevar a algú tots els mitjans de subsistència.","L'incendi del taller els va deixar al mig del carrer.",2,"diners","deixar en pilotes, deixar escurat"
153,"Eixugar la butxaca a algú","Arruïnar","Deixar algú sense diners per culpa d'una gran despesa.","Aquestes obres m'han eixugat la butxaca.",2,"diners","escurar les butxaques, xuclar la sang"
154,"Acabar els torrons","Arruïnar-se","Quedar-se sense recursos per continuar una activitat.","Si no estalvieu més, aviat acabareu els torrons.",3,"diners","acabar els anissos, perdre bous i esquelles"
155,"Ballar de capoll","Anar malament","Tenir una situació econòmica dolenta o estar en decadència.","Des que no té feina, balla de capoll.",3,"diners","anar de corcoll"
156,"Perdre bous i esquelles","Perdre-ho tot","Perdre absolutament tots els béns en un negoci.","En aquella inversió va perdre bous i esquelles.",2,"èxit,fracàs","perdre dents i queixals, perdre la camisa"
157,"Estar a l’última pregunta","Estar arruïnat","Trobar-se en una situació econòmica extremadament precària.","L'empresa va fer fallida i ara ell està a l’última pregunta.",3,"diners","estar amb l’aigua fins al coll"
158,"Amb coneixement de causa","Estar informat","Actuar o parlar sabent bé tot el referent a la qüestió.","Ell parla amb coneixement de causa, no diu mentides.",2,"comunicació","a cient"
159,"Donar la raó a algú","Assentir","Reconèixer que l'altre diu la veritat o té fonament.","Davant les proves, no va tenir més remei que donar-li la raó.",1,"comunicació","té raó"
160,"Seguir la veta a algú","Assentir","No contrariar algú en el que diu per interès o tacte.","Per no discutir amb el seu avi, li segueix la veta.",2,"comunicació","seguir el joc, seguir el corrent"
161,"Ser tot ulls","Estar atent","Posar tota l'atenció possible en el que es mira.","L'infant era tot ulls contemplant el regals.",1,"coneixement","anar amb set ulls i set orelles"
162,"Estar a la que salta","Estar atent","Vigilar per aprofitar qualsevol ocasió o errada d'altri.","Vigila què dius, que ell sempre està a la que salta.",2,"actitud","estar a l’aguait"
163,"Amb els cinc sentits","Atentament","Actuar amb el màxim esment i atenció.","Cal que estudiïs amb els cinc sentits si vols aprovar.",1,"esforç","a consciència, amb atenció"
164,"Anar de bòlit","Atrafegat","Anar molt de pressa o anar confús per l'excés de feina.","Aquests dies de trasllat anem de bòlit.",1,"temps","anar de cul, anar escopetejat, anar a tope"
165,"Treure el fetge per la boca","Atrafegat","Fatigar-se en extrem per un excés d'activitat o esforç.","Amb el nou càrrec treu el fetge per la boca de tant treballar.",2,"esforç","anar escopetejat, no veure-hi de cap ull"
166,"Caure a la ratera","Ser atrapat","Deixar-se enxampar o caure en un parany preparat.","El lladre ha caure a la ratera que li va posar la policia.",2,"èxit,fracàs","caure al llaç, picar l’ham"
167,"Qui l’encerta l’endevina","Triar a l'atzar","Indica que es comença una cosa sense saber-ne el resultat.","Tria un llibre de la pila i, qui l’encerta l’endevina.",1,"èxit","si l’encerto l’endevino"
168,"Fer bona parella","Avenir-se","Dues persones o coses que s'entenen bé o combinen.","En Joan i l'Anna fan bona parella.",1,"societat","fer bona gavella, fer l’un per l’altre"
169,"Anar a l'una","Avenir-se","Ser molt amics, actuar conjuntament o donar-se suport.","En aquest projecte tots anem a l'una.",1,"acord","no haver-hi pa partit"
170,"Amb el cap cot","Estar avergonyit","Mostrar vergonya o abatiment abaixant el cap.","Es va quedar amb el cap cot després del sermó del pare.",1,"emocions","amb el cap baix, barres a pit"
171,"Anar-se'n amb la cua entre cames","Estar avergonyit","Anar-se'n humiliat o sense haver aconseguit res.","Va sortir del despatx amb la cua entre cames.",1,"fracàs","amb el cap cot, moix"
172,"No ésser cap hora","Ser aviat","Ser molt d'hora o massa de matí.","Encara no és cap hora per llevar-se, és diumenge!",2,"temps","no ésser encara una hora ni una altra"
173,"Sa figa encara no és madura","Ser aviat","Indicar que encara no és el moment de fer una cosa.","Espera't una mica, que sa figa encara no és madura.",3,"temps","encara no toca"
174,"Guanyar-se la vida","Treballar","Treballar per obtenir el sosteniment econòmic.","Es guanya la vida fent de pagès al seu poble.",1,"treball","guanyar-se el pa, guanyar-se les garrofes"
175,"Dormir a la palla","Ser badoc","No tenir la menor sospita d'un perill que ens afecta.","Es pensen que ell dorm a la palla i està al corrent de tot.",3,"coneixement","jeure a la palla, estar a la lluna"
176,"Fer un pet com una bufa","Fer bancarrota","Arruïnar-se sobtadament o fracassar un negoci.","L'empresa anava bé fins que va fer un pet com una bufa.",3,"diners","fer bancarrota, fer fallida"
177,"Com gat i gos","Barallar-se","Estar en enemistat permanent o renyir sovint.","Aquells germans sempre van com gat i gos.",1,"conflicte","com el gat i la rata, nyic-i-nyac"
178,"Tirar-se els plats pel cap","Barallar-se","Discutir-se molt fort, especialment en família.","No s'avenien gens i van tirar-se els plats pel cap.",1,"conflicte","tirar-se els trastos pel cap"
179,"Tenir la cara gruixuda","Ser barrut","No tenir vergonya d'actuar malament o ser cínic.","Ha tingut la cara gruixuda de tornar a demanar diners.",2,"actitud","tenir molta cara, tenir el morro"
180,"Tenir pebrots","Atrevir-se","Atrevir-se a fer una cosa poc correcta o desvergonyida.","Va tenir pebrots de negar la veritat davant de tothom.",3,"actitud","tenir collons, tenir nassos, tenir ous"
181,"Anar com una seda","Funcionar bé","Funcionar una cosa a la perfecció i sense problemes.","L'operació ha anat com una seda i ja és a casa.",1,"èxit","anar sobre rodes"
182,"Estar de bona lluna","Ser amable","Trobar-se en un estat d'ànim alegre i condescendent.","Avui el mestre està de bona lluna.",1,"emocions","tenir la bona, estar d’humor"
183,"Matar el cuc","Menjar una mica","Menjar una miqueta per calmar la gana immediata.","He menjat uns fruits secs per matar el cuc.",1,"societat","fer un mos, enganyar la gana"
184,"Passar la pilota","Delegar","Evitar una responsabilitat passant-la a un altre.","Quan hi ha feina pesada, sempre em passa la pilota.",1,"responsabilitat","passar la patata calenta, carregar el mort"
185,"Quedar de pasta de moniato","Sorprendre's","Restar immòbil i astorat davant un fet inesperat.","En veure el regal va quedar de pasta de moniato.",2,"sorpresa","quedar glaçat, quedar de pedra"
186,"Jesús, Maria, Josep!","Exclamació","Interjecció usada davant un fet sobtat o alarmant.","Jesús, Maria, Josep! Què ha passat aquí?",2,"sorpresa","Mare de Déu santíssima!"
187,"La mare del Tano!","Ensurt","Expressió popular per manifestar un gran ensurt o sorpresa.","La mare del Tano! Quin ensurt que m'has donat!",3,"sorpresa","la mare que el va parir"
188,"Deixar blau","Sorprendre","Causar una impressió tan forta que hom no sap què dir.","Quan em va explicar la veritat em va deixar blau.",2,"sorpresa","deixar de pedra, deixar fred, deixar glaçat"
189,"Quedar amb un pam de nas","Quedar decebut","Restar sorprès o decebut per una realitat inesperada.","Es pensava que guanyaria i va quedar amb un pam de nas.",1,"sorpresa","quedar amb un pam de boca oberta"
190,"Fer uns ulls com unes taronges","Sorprendre's","Obrir molt els ulls per sorpresa o admiració.","En veure el pastís va fer uns ulls com unes taronges.",1,"sorpresa","obrir uns ulls com uns gots"
191,"Caure com una bomba","Sorprendre","Produir una gran sorpresa o commoció sobtada.","La notícia de la seva dimissió va caure com una bomba.",2,"sorpresa","caure-li entre cap i coll"
192,"Vatua l'olla!","Exclamació","Interjecció que denota sorpresa o admiració.","Li han tocat deu mil euros, vatua l'olla!",2,"sorpresa","vatua Déu, renoi"
193,"Os pedreta!","Exclamació","Expressió de sorpresa o admiració davant un fet inesperat.","Os pedreta! Quin cotxe que t'has comprat!",3,"sorpresa","os pedrer, caram"
194,"No restar-li una gota de sang","Tenir por","Quedar paralitzat per un gran espant o terror.","En sentir el crit no li va restar ni una gota de sang a les venes.",3,"por","estar amb els cabells de punta"
195,"Venir de nou","Ser inesperat","Resultar una cosa sorprenent perquè no se sabia.","Que t'hagis casat em ve de nou; no en sabia res.",1,"sorpresa","caure com una bomba, deixar glaçat"
196,"Nuar-se-li el cor","Tristesa","Posar-se molt trist o commoure's profundament.","En veure les imatges de la guerra se li va nuar el cor.",2,"emocions","entristir-se, encongir-se el cor"
197,"No tenir esma","Estar abatut","Estar tan afectat que hom no té forces per reaccionar.","Estava tan trist que no tenia esma ni per parlar.",1,"emocions","estar fet pols, ànima en pena"
198,"Encongir-se-li el cor","Tenir angoixa","Sentir una forta impressió de por o compassió.","Se li encongeix el cor cada cop que pensa en l'accident.",2,"emocions","nuar-se-li el cor, travessar-se-li el cor"
199,"Glaçar-se-li la sang","Tenir espant","Romandre aterrit per un gran espant o horror.","Se li va glaçar la sang a les venes en veure el lladre.",2,"emocions","no restar-li una gota de sang"
200,"Posar el crit al cel","Protestar","Queixar-se amb gran vehemència per un fet injust.","Tots van posar el crit al cel quan van apujar el preu.",1,"emocions","exclamar-se, queixar-se"
201,"Estar fora de polleguera","Estar irritat","Estar extremadament enfadat o haver perdut el control.","Està fora de polleguera de tant com crida.",2,"emocions","estar fora de si, treure el seny"
202,"Saber greu","Lamentar","Sentir pena o penediment per una cosa succeïda.","Em sap greu que no hagis pogut venir.",1,"emocions","ésser pecat, ésser llàstima"
203,"Tenir el cor de pedra","Ser insensible","Ser una persona dura de sentiments o sense compassió.","No plorarà pas, que té el cor de pedra.",2,"actitud","tenir un cor de suro, tenir el cor dur"
204,"Tocar el voraviu","Ofendre","Dir o fer una cosa que afecta la sensibilitat d'algú.","Amb aquest comentari li has tocat el voraviu.",3,"emocions","tocar el punt sensible"
205,"Estar que bufa","Estar enfadat","Estar molt enutjat, manifestant-ho amb gestos.","No li diguis res, que ara mateix està que bufa.",2,"emocions","estar que mossega, estar que trina"
206,"Més content que unes pasqües","Estar alegre","Estar extremadament alegre, satisfet o animat.","Avui està més content que unes pasqües.",1,"emocions","ballar amb un peu, alegre com un picarol"
207,"Fer-li un salt el cor","Tenir un sobresalt","Sofrir una emoció sobtada de sorpresa o por.","En sentir el soroll el cor li va fer un salt.",1,"emocions","perdre l'alè, fer un bot"
208,"Tenir un cor tendre","Ser sensible","Ser una persona molt sensible o fàcil de commoure.","Sempre plora amb les pel·lícules, té un cor tendre.",2,"emocions","tenir el cor bla, tenir un gran cor"
209,"Anar-li la processó per dins","Dissimular","Tenir grans preocupacions sense manifestar-ho.","Sempre somriu, però la processó li va per dins.",3,"emocions","guardar les aparences"
210,"Fer el paper de met","Dissimular","Fingir que hom no s'adona de res per conveniència.","Quan li vam demanar el deute, va fer el paper de met.",2,"actitud","fer el desentès, fer el suec"
211,"No tenir on girar els ulls","Estar desemparat","Trobar-se en situació de gran angoixa sense ajut.","S'ha quedat sense res i no té on girar els ulls.",3,"emocions","estar a les tres pedretes"
212,"Tallar claus","Estar desesperat","Sentir una ràbia o un remordiment molt intens.","Tallava claus de ràbia per haver perdut l'oportunitat.",3,"emocions","picar-se el cap"
213,"Treure foc pels queixals","Estar furiós","Manifestar una irritació o enuig extremat.","Està que treu foc pels queixals pel que has fet.",2,"emocions","treure foc per la boca, estar que mossega"
214,"Estar ferit d'ala","Estar desanimat","Trobar-se desanimat o en una situació de declivi.","D'ençà de la fallida del negoci està ferit d'ala.",2,"emocions","estar alacaigut, estar cloc-piu"
215,"Perdre l'alè","Sorprendre's","Quedar-se sense paraula per una gran emoció.","En saber que era l'elegit va perdre l'alè.",1,"emocions","fer-li un salt el cor, quedar de pedra"
216,"Sentir un nus a la gola","Emocionar-se","Estar commogut amb dificultats per parlar.","En acomiadar-se sentia un nus a la gola.",1,"emocions","fer-se-li un nus a la gola"
217,"Bollar-la","Equivocar-se","Cometre una gran errada o equivocar-se de ple.","Amb aquestes declaracions tan dures la vas bollar.",2,"confusió","fer-la com un cove, cagar-la, espifiar-la"
218,"Espifiar-la","Equivocar-se","Cometre un error en una actuació o decisió.","L'has espifiada no acceptant aquella oferta.",1,"confusió","cagar-la, errar el tret, ficar la pota"
219,"Ficar la pota","Ser indiscret","Intervenir desencertadament fent una indiscreció.","Va ficar la pota preguntant per la seva ex-dona.",1,"confusió","fer una planxa, ficar la gamba"
220,"Anar errat de comptes","Equivocar-se","Estar totalment equivocat respecte a un judici.","Si penses que és gratis, vas errat de comptes.",2,"confusió","anar lluny d’osques, estar lluny de comptes"
221,"Prendre la a per la b","Confondre's","Equivocar-se en el judici d'una cosa o idea.","És molt distret i sovint pren la a per la b.",1,"confusió","confondre els ous amb els cargols"
222,"Fer un pas fals","Equivocar-se","Cometre un error o falta contra les convencions.","En aquest negoci no es pot fer cap pas fals.",2,"confusió","fer una passa en fals, errar el tret"
223,"Pixar fora de test","Desbarrar","Sortir del tema o dir un despropòsit inoportú.","En aquesta qüestió has pixat fora de test.",1,"comunicació","cagar fora de l’orinal, no tocar enlloc"
224,"Fer un compte com una maça","Equivocar-se","Equivocar-se greument en un càlcul de quantitats.","Va fer un compte com una maça i va perdre diners.",3,"diners","perdre el compte"
225,"Treure els peus de solc","Desviar-se","Sortir de la raó o cometre una falta de lògica.","Ja has tornat a treure els peus de solc amb la resposta.",2,"actitud","anar fora de corda"
226,"Ficar la gamba","Equivocar-se","Dir o fer una cosa inconvenient o fora de lloc.","Sempre fica la gamba quan parla en públic.",1,"confusió","ficar la pota, ficar el rem"
227,"Anar lluny d'osques","Equivocar-se","Anar molt equivocat en una suposició o càlcul.","Si creus que vindrà avui vas lluny d'osques.",2,"confusió","anar errat de comptes, estar lluny de comptes"
228,"Dir-ne una de les seves","Disbarat","Dir un gran disbarat o cometre una indiscreció.","Ja n'ha dit una de les seves per fer-nos enfadar.",2,"comunicació","dir-ne una de grossa"
229,"Fer un mal cuinat","Equivocar-se","Cometre una acció estúpida que perjudica algú.","Has fet un mal cuinat actuant d'aquesta manera.",2,"fracàs","fer un pa com unes hòsties"
230,"No tocar pilota","No encertar","No encertar en absolut en allò que es fa o diu.","En el darrer examen no va tocar pilota.",1,"fracàs","pixar fora de test, no rascar bola"
231,"Creuar-se-li els cables","Confondre's","Dir o fer una cosa per una altra per confusió.","Se li van creuar els cables enmig del discurs.",1,"confusió","prendre la a per la b"
232,"Sortir-li el tret per la culata","Fracassar","Resultar un intent de forma contrària a l'esperada.","Volia riure's d'ell i li va sortir el tret per la culata.",1,"fracàs","sortir malament"
233,"Treure’s un ull pensant senyar-se","Perjudicar-se","Equivocar-se actuant en perjudici propi.","Volia guanyar i s'ha tret un ull pensant senyar-se.",3,"fracàs","errar el tret"
234,"Fer una planxa","Ser indiscret","Cometre una indiscreció que deixa algú en ridícul.","He fet una planxa confonent-lo amb el cambrer.",2,"societat","ficar-se de peus a la galleda"
235,"Clavar-ne una al mall i una altra a l'enclusa","No encertar","No actuar encertadament o no tenir punteria.","No l'encerta mai, en clava una al mall i una altra a l'enclusa.",2,"fracàs","no fer-ne una de condreta"
236,"Fer-la bona","Cometre un error","Cometre un disbarat involuntari amb conseqüències.","L'has feta bona tancant la porta amb les claus a dins!",1,"confusió","fer-la blava, fer-la grossa"
237,"Fer una patinada","Equivocar-se","Cometre un error, especialment en un parlament.","Va fer una patinada en el discurs d'obertura.",2,"comunicació","fer-la com un cove"
238,"Picar de cap","Precipitar-se","Equivocar-se per haver obrat amb massa pressa.","Has picat de cap decidint sense rumiar-ho.",2,"actitud","pegar de cap com els bolls"
239,"Cagar fora de l'orinal","Desbarrar","Anar errat o dir un despropòsit fora de lloc.","No té raó en el que diu, ha cagat fora de l'orinal.",2,"comunicació","pixar fora de test"
240,"Tenir mal ull","No encertar","No encertar en una tria, judici o previsió.","Vas tenir mal ull triant aquest soci.",1,"opinió","no encertar"
241,"Dur ses pòlisses banyades","Estar mal informat","Anar equivocat per haver rebut informació falsa.","Duus ses pòlisses banyades, això no va ser així.",3,"coneixement","estar lluny de comptes"
242,"Estar a tres quarts de quinze","Equivocar-se","Estar completament equivocat en una qüestió.","No en tens ni idea, estàs a tres quarts de quinze.",2,"confusió","anar errat de comptes"
243,"Fer un pa com unes hòsties","Fracassar","Esguerrar un negoci o cometre un gran disbarat.","Volia fer de cuiner i va fer un pa com unes hòsties.",2,"fracàs","fer un mal cuinat, fer asos"
244,"Ficar-se de peus a la galleda","Ser indiscret","Dir o fer una cosa completament fora de propòsit.","Es va ficar de peus a la galleda amb el comentari.",1,"societat","ficar la pota, fer una planxa"
245,"Treballar a esclat de mort","Esforçar-se molt","Treballar fins a l'esgotament total.","Si ho volem acabar avui caldrà treballar a esclat de mort.",2,"treball","posar-hi el coll, matar-s’hi"
246,"Llaurar fondo","Dedicar-se","Aplicar-se amb gran intensitat a una activitat.","Per treure la plaça hauràs de llaurar fondo.",2,"treball","fer pits i llonzes, matar-s’hi"
247,"Posar-hi el coll","Esforçar-se","Posar tota la voluntat i energia en una tasca.","Cal posar-hi el coll per tirar endavant el projecte.",1,"treball","rompre’s l’esquena, matar-s’hi"
248,"Treballar de valent","Treballar molt","Treballar de manera molt intensa i sense descans.","Ha treballat de valent per pagar els estudis.",1,"treball","treballar com un corcó, fer feina com un ase"
249,"Suc de braó","Esforç","Esforç físic necessari per obtenir un resultat.","Això només ho obtindràs amb suc de braó.",3,"esforç","do de pit, cop de coll"
250,"Picar ferro fred","Inutilitat","Esforçar-se inútilment en una cosa sense fruit.","Insistir amb ell és picar ferro fred.",2,"dificultat","perdre el temps, predicar en el desert"
251,"Caldre Déu i ajut","Dificultat","Requerir un esforç extraordinari per la seva duresa.","Ens va caldre Déu i ajut per pujar la maleta.",1,"dificultat","costar Déu i ajuda, feina de negres (politicament incorrecte)"
252,"Fer pits i llonzes","Esforçar-se molt","Posar tots els mitjans per aconseguir quelcom.","Han fet pits i llonzes per guanyar el concurs.",2,"esforç","fer mans i mànigues, remoure cel i terra"
253,"Treballar com un corcó","Dedicar-se","Treballar amb una dedicació constant i pacient.","Ha treballat com un corcó tota la seva vida.",2,"treball","treballar de valent, fer feina com un ase"
254,"Fer-ne un gra massa","Exagerar","Portar les coses massa lluny o exagerar una acció.","Crec que n'has fet un gra massa amb la crítica.",1,"actitud","passar de la ratlla, estirar la corda"
255,"Posar els punts sobre les is","Puntualitzar","Dir les coses clarament per evitar malentesos.","Cal posar els punts sobre les is abans de començar.",1,"comunicació","posar les coses al seu lloc, anar a pams"
256,"No tenir pèls a la llengua","Parlar clar","Dir el que es pensa sense por ni eufemismes.","Diu les veritats perquè no té pèls a la llengua.",1,"comunicació","dir tot ras, parlar en plata"
257,"Treure’n l’entrellat","Resoldre","Desxifrar o entendre finalment una cosa complicada.","Per fi n'he tret l'entrellat d'aquest problema.",2,"coneixement","treure en clar, lligar caps"
258,"Anar amb peus de plom","Ser cautelós","Obrar amb molta precaució o prudència.","En aquest afer cal anar amb peus de plom.",1,"actitud","anar amb els peus plans, saber on posar els peus"
259,"Posar bastons a les rodes","Obstaculitzar","Dificultar una acció perquè quelcom no reïxi.","Sempre em posa bastons a les rodes quan vull innovar.",1,"conflicte","posar la proa, fer la guitza, posar pals a les rodes"
260,"Tallar el bacallà","Manar","Ser qui mana o dirigeix en un lloc o afer.","A casa seva qui talla el bacallà és la mare.",1,"treball","tenir la paella pel mànec, fer i desfer"
261,"Costar un ull de la cara","Ser molt car","Ser una cosa excessivament cara de preu.","Aquest rellotge li ha costat un ull de la cara.",1,"diners","a preu d’or, costar un ronyó"
262,"Arribar i moldre","Immediatesa","Obtenir un resultat de forma ràpida i sense espera.","Vam anar a la fira i tot va ser arribar i moldre.",2,"èxit","arribar i seure, dit i fet"
263,"Tirar la tovallola","Rendir-se","Abandonar un esforç o un objectiu per desànim.","No tiris la tovallola ara que ja gairebé ho tens.",1,"fracàs","estripar les cartes"
264,"Fer-se el suec","Dissimular","Fingir que hom no s'adona d'una cosa que no li convé.","Li ho vaig dir, però ell va fer-se el suec.",1,"actitud","fer el met, fer el pagès"
265,"Sortir airós","Reeixir","Sortir amb èxit d'una situació compromesa.","Va sortir airós de l'examen malgrat els nervis.",2,"èxit","ventar el cop, sortir del pas"
266,"Ser la mare dels ous","Causa principal","Ser l'origen o la raó primordial d'un problema o fet.","Aquesta és la mare dels ous de tot el conflicte.",2,"coneixement","la pedra angular"
268,"Ésser la mare dels ous","Causa principal","Ser l'origen o la raó primordial d'un problema o d'una situació.","La manca de recursos n'és la mare dels ous: per això no podem avançar.",2,"coneixement","la pedra angular, ésser el pot de la confitura"
269,"La pedra angular","Fonament","Part essencial d'alguna cosa o el fonament sobre el qual es recolza un projecte.","La transparència és la pedra angular de la nostra política.",2,"societat","ésser la mare dels ous, ésser el tot de"
270,"Ésser el pot de la confitura","Part substancial","Ser el moll de l'os o el punt clau d'un afer.","Aquest nou testimoni és el pot de la confitura de tot el judici.",3,"coneixement","ésser la mare dels ous, el rovell de l'ou"
271,"El rovell de l'ou","Millor lloc","El centre o l'indret on es troba el més important o valuós d'alguna cosa.","Viure al rovell de l'ou permet estar a prop de tots els comerços.",1,"societat","ésser la nata, la flor i nata"
272,"Ésser el tot de","Essencial","Constituir l'essència d'una cosa, allò de què no es pot prescindir.","Una bona organització és el tot del bon funcionament d'una empresa.",2,"treball","la pedra angular"
273,"La poma de la discòrdia","Causa de disputa","Element que provoca el desacord o la baralla entre persones que s'entenien.","L'herència va ser la poma de la discòrdia entre els dos germans.",2,"conflicte","ésser l'esca del pecat"
274,"Ésser l'esca del pecat","Incentiu negatiu","Allò que serveix de base o de motiu per a una acció dolenta o un conflicte.","Els seus comentaris irònics van ser l'esca del pecat d'aquella discussió.",3,"conflicte","la poma de la discòrdia"
275,"Saber quin pa hi donen","Tenir experiència","Conèixer per experiència pròpia com funciona realment una situació o lloc.","Abans de demanar el trasllat, informa't bé per saber quin pa hi donen.",2,"coneixement","saber de quin peu calça algú"
276,"Venir de totes quatre potes","Ser oportú","Resultar una raó o un exemple perfectament adequat al cas que es tracta.","Aquest exemple que has posat sobre la crisi ve de totes quatre potes.",3,"comunicació","venir al cas, com l'anell al dit"
277,"Ensenyar el llautó","Deixar-se veure","Revelar involuntàriament la veritable intenció o el defecte que hom ocultava.","Volia semblar molt honest, però de seguida va ensenyar el llautó.",2,"actitud","ensenyar l'orella, ensenyar la ceba"
278,"Aixecar polseguera","Provocar polèmica","Suscitar molts comentaris, discussions o escàndol públic.","La seva intervenció al ple de l'ajuntament va aixecar polseguera.",1,"opinió","fer soroll, portar cua"
279,"Anar-li la processó per dins","Dissimular el dolor","Tenir grans preocupacions o sofriment sense manifestar-ho exteriorment.","Encara que somrigui a tothom, la processó li va per dins.",2,"emocions","salvar les formes, guardar les aparences"
280,"Fregar-li pels morros","Retreure","Exhibir un èxit o retreure un error a algú de forma despectiva.","No cal que em freguis pels morros que tenies raó tu.",2,"actitud","clavar per la cara, tirar per la cara"
281,"Posar el dit al forat","Encertar plenament","Trobar la solució exacta o el motiu real d'un afer o malestar.","Has posat el dit al forat identificant la causa del problema.",2,"opinió","posar el dit a la llaga, encertar el pinyol"
282,"Ésser la conya marinera","Ser el millor","Ser una cosa o persona extraordinària o la millor de totes.","Aquesta aplicació nova és la conya marinera: ho fa tot sola.",3,"èxit","ésser el súmmum, ésser l'hòstia"
283,"Fer-se una composició de lloc","Orientar-se","Examinar les circumstàncies d'una situació per saber com actuar.","Deixa'm fer una composició de lloc abans de respondre a l'oferta.",2,"coneixement","veure-hi clar"
284,"Posar negre sobre blanc","Escriure clarament","Fixar per escrit una idea o acord perquè en quedi constància.","Serà millor que posem negre sobre blanc les condicions del pacte.",1,"comunicació","passar en net"
285,"Treure de polleguera","Irritar molt","Fer perdre la paciència o enfadar extremadament algú.","Aquest desordre constant em treu de polleguera.",1,"emocions","treure de mare, treure de seny"
286,"Posar la mà al foc","Confiança total","Assegurar plenament la integritat o la veracitat d'algú o d'alguna cosa.","Posa la mà al foc pel seu soci perquè sap que és una persona honesta.",1,"actitud,responsabilitat","posar les mans al foc, posar sa mà en es foc"
287,"Tocar de peus a terra","Ser realista","Tenir un sentit pràctic de la vida i no deixar-se portar per il·lusions vanes.","En lloc de somiar tant, hauries de començar a tocar de peus a terra.",1,"actitud","no fer volar coloms, no somiar truites"
288,"Fer volar coloms","Tenir il·lusions","Imaginar-se coses impossibles o alimentar esperances sense fonament.","No facis volar coloms amb aquest negoci, que encara no hem signat res.",2,"actitud,pensament","somiar truites, vore animetes, estar carregat de solfes"
289,"Nedar entre dues aigües","Indecisió","Mantenir-se en una posició intermèdia entre dues tendències o opinions per conveniència.","En el conflicte de l'empresa, el director prefereix nedar entre dues aigües.",2,"actitud,conflicte","ballar segons el so, fer cara a tots els vents, fer la bàscula"
290,"No saber on girar-se","Estar aclaparat","Trobar-se en una situació de perplexitat per l'excedència de feina o de deutes.","Té tantes coses per fer que no sap on girar-se.",1,"treball,dificultat","no saber de quin pa fer sopes, no poder-se girar, no saber per quin cap posar-s'hi"
291,"Tenir la paella pel mànec","Tenir el control","Ser qui domina o dirigeix completament una situació o un afer.","No cal que pateixis per la negociació; nosaltres tenim la paella pel mànec.",1,"treball,societat","tallar el bacallà, fer i desfer, ésser l'amo del ball"
292,"Arribar a misses dites","Arribar tard","Presentar-se en un lloc quan l'afer ja s'ha resolt o ha acabat.","Vam arribar a la reunió a misses dites i no vam poder opinar.",2,"temps,èxit/fracàs","arribar als anissos, fer tard, dat i beneït"
293,"Fer el paperot","Fingir","Dissimular o representar un paper que no és real per quedar bé o enganyar.","No facis el paperot amb mi, que ja sé que no estàs d'acord amb la decisió.",2,"actitud,comunicació","fer el desentès, fer el teatre, fer comèdia"
294,"No haver-hi res a fer","Inevitabilitat","Indica que una situació no té cap solució possible o és irremeiable.","Ho hem provat tot per salvar l'empresa, però ja no hi ha res a fer.",1,"fracàs,dificultat","no haver-hi tutia, no tenir remei, ésser-hi a temps ni el combregar"
295,"Tornar les aigües a mare","Normalització","Recuperar l'ordre o la situació normal després d'un trasbals o confusió.","Ara que la crisi ha passat, sembla que les aigües tornen a mare.",2,"acord,societat","arribar a port, fer marro clos, dur a bon port"
296,"Fer un ou de dos vermells","Èxit sorprenent","Fer una cosa extraordinària o aconseguir una fita molt inusual.","Has aprovat totes les matèries sense estudiar? Has fet un ou de dos vermells!","3","èxit","fer un ou de tres vermells"
297,"Tenir el gust al cul","Mal gust","Tenir un sentit estètic molt dolent, especialment en el vestir o la decoració.","Amb aquesta corbata de ratlles i la camisa de quadres, ja es veu que tens el gust al cul.","2","actitud","tenir el gust al cul i el cul de vacances"
298,"Fer ballar els gegants abans de Corpus","Precipitació","Fer una cosa de manera inoportuna o molt abans del moment que pertoca.","Anunciar el guanyador abans d'acabar el recompte és fer ballar els gegants abans de Corpus.","3","temps","començar la casa per la teulada, passar l'arada davant dels bous"
299,"Fer coll de figa","Morir","Deixar de viure (expressió usada sovint en contextos col·loquials o humorístics).","El pobre canari ja ha fet coll de figa de tan vell com era.","3","societat","aclucar els ulls, fer el darrer badall"
300,"Més viu que una centella","Molt espavilat","Ser una persona extremadament ràpida de pensament o d'acció per no deixar-se enganyar.","No l'enganyaràs pas, que aquest noi és més viu que una centella.","1","actitud","viu com la pólvora, viu com una espurna de gatosa"